Toyota,toyota,1,1,1,4/1/2023 0:00
Honda,honda,1,1,1,4/1/2023 0:00
Nissan,nissan,1,1,1,4/1/2023 0:00
Mazda,mazda,1,1,1,4/1/2023 0:00
Suzuki,suzuki,1,1,1,4/1/2023 0:00
Mitsubishi,mitsubishi,1,1,1,4/1/2023 0:00
Daihatsu,daihatsu,1,1,1,4/1/2023 0:00
Subaru,subaru,1,1,1,4/1/2023 0:00
Hino,hino,1,1,1,4/1/2023 0:00
Volkswagen,volkswagen,1,1,1,4/1/2023 0:00
Bmw,bmw,1,1,1,4/1/2023 0:00
Isuzu,isuzu,1,1,1,4/1/2023 0:00
Lexus,lexus,1,1,1,4/1/2023 0:00
Mercedes,mercedes,1,1,1,4/1/2023 0:00
Audi,audi,1,1,1,4/1/2023 0:00
Volvo,volvo,1,1,1,4/1/2023 0:00
Land Rover,land rover,1,1,1,4/1/2023 0:00
Ford,ford,1,1,1,4/1/2023 0:00
Peugeot,peugeot,1,1,1,4/1/2023 0:00
Jeep,jeep,1,1,1,4/1/2023 0:00
Citroen,citroen,1,1,1,4/1/2023 0:00
Jaguar,jaguar,1,1,1,4/1/2023 0:00
Hyundai,hyundai,1,1,1,4/1/2023 0:00
Kia,kia,1,1,1,4/1/2023 0:00
