VITZ,vitz,1,6433a0fc31d3c1681105148.png,1,1,1,1,4/1/2023 0:00
PRIUS,prius,1,6433a0fc31d3c1681105148.png,1,1,1,1,4/1/2023 0:00
PROBOX VAN,probox-van,1,6433a0fc31d3c1681105148.png,1,1,1,1,4/1/2023 0:00
AQUA,aqua,1,6433a0fc31d3c1681105148.png,1,1,1,1,4/1/2023 0:00
RACTIS,ractis,1,6433a0fc31d3c1681105148.png,1,1,1,1,4/1/2023 0:00
PRIUS ALPHA,prius-alpha,1,6433a0fc31d3c1681105148.png,1,1,1,1,4/1/2023 0:00
HIACE VAN,hiace-van,1,6433a0fc31d3c1681105148.png,1,1,1,1,4/1/2023 0:00
4RUNNER,4runner,1,6433a0fc31d3c1681105148.png,1,1,1,1,4/1/2023 0:00
ALLEX,allex,1,6433a0fc31d3c1681105148.png,1,1,1,1,4/1/2023 0:00
ALLION,allion,1,6433a0fc31d3c1681105148.png,1,1,1,1,4/1/2023 0:00
ALPHARD,alphard,1,6433a0fc31d3c1681105148.png,1,1,1,1,4/1/2023 0:00
ALPHARD HYBRID,alphard-hybrid,1,6433a0fc31d3c1681105148.png,1,1,1,1,4/1/2023 0:00
ALTEZZA,altezza,1,6433a0fc31d3c1681105148.png,1,1,1,1,4/1/2023 0:00
ALTEZZA GITA,altezza-gita,1,6433a0fc31d3c1681105148.png,1,1,1,1,4/1/2023 0:00
ARISTO,aristo,1,6433a0fc31d3c1681105148.png,1,1,1,1,4/1/2023 0:00
AURIS,auris,1,6433a0fc31d3c1681105148.png,1,1,1,1,4/1/2023 0:00
AVALON,avalon,1,6433a0fc31d3c1681105148.png,1,1,1,1,4/1/2023 0:00
AVANZA,avanza,1,6433a0fc31d3c1681105148.png,1,1,1,1,4/1/2023 0:00
AVENSIS,avensis,1,6433a0fc31d3c1681105148.png,1,1,1,1,4/1/2023 0:00
AVENSIS WAGON,avensis-wagon,1,6433a0fc31d3c1681105148.png,1,1,1,1,4/1/2023 0:00
AYGO,aygo,1,6433a0fc31d3c1681105148.png,1,1,1,1,4/1/2023 0:00
bB,bb,1,6433a0fc31d3c1681105148.png,1,1,1,1,4/1/2023 0:00
BELTA,belta,1,6433a0fc31d3c1681105148.png,1,1,1,1,4/1/2023 0:00
BLADE,blade,1,6433a0fc31d3c1681105148.png,1,1,1,1,4/1/2023 0:00
BLIZZARD,blizzard,1,6433a0fc31d3c1681105148.png,1,1,1,1,4/1/2023 0:00
BREVIS,brevis,1,6433a0fc31d3c1681105148.png,1,1,1,1,4/1/2023 0:00
C-HR,c-hr,1,6433a0fc31d3c1681105148.png,1,1,1,1,4/1/2023 0:00
CALDINA,caldina,1,6433a0fc31d3c1681105148.png,1,1,1,1,4/1/2023 0:00
CALDINA VAN,caldina-van,1,6433a0fc31d3c1681105148.png,1,1,1,1,4/1/2023 0:00
CAMI,cami,1,6433a0fc31d3c1681105148.png,1,1,1,1,4/1/2023 0:00
CAMRY,camry,1,6433a0fc31d3c1681105148.png,1,1,1,1,4/1/2023 0:00
CAMRY GRACIA WAGON,camry-gracia-wagon,1,6433a0fc31d3c1681105148.png,1,1,1,1,4/1/2023 0:00
CARINA,carina,1,6433a0fc31d3c1681105148.png,1,1,1,1,4/1/2023 0:00
CARINA ED,carina-ed,1,6433a0fc31d3c1681105148.png,1,1,1,1,4/1/2023 0:00
CELICA,celica,1,6433a0fc31d3c1681105148.png,1,1,1,1,4/1/2023 0:00
CELSIOR,celsior,1,6433a0fc31d3c1681105148.png,1,1,1,1,4/1/2023 0:00
CENTURY,century,1,6433a0fc31d3c1681105148.png,1,1,1,1,4/1/2023 0:00
CHASER,chaser,1,6433a0fc31d3c1681105148.png,1,1,1,1,4/1/2023 0:00
CLASSIC,classic,1,6433a0fc31d3c1681105148.png,1,1,1,1,4/1/2023 0:00
COASTER,coaster,1,6433a0fc31d3c1681105148.png,1,1,1,1,4/1/2023 0:00
COROLLA,corolla,1,6433a0fc31d3c1681105148.png,1,1,1,1,4/1/2023 0:00
COROLLA ALTIS,corolla-altis,1,6433a0fc31d3c1681105148.png,1,1,1,1,4/1/2023 0:00
COROLLA AXIO,corolla-axio,1,6433a0fc31d3c1681105148.png,1,1,1,1,4/1/2023 0:00
COROLLA CROSS,corolla-cross,1,6433a0fc31d3c1681105148.png,1,1,1,1,4/1/2023 0:00
COROLLA FX,corolla-fx,1,6433a0fc31d3c1681105148.png,1,1,1,1,4/1/2023 0:00
COROLLA II,corolla-ii,1,6433a0fc31d3c1681105148.png,1,1,1,1,4/1/2023 0:00
COROLLA LEVIN,corolla-levin,1,6433a0fc31d3c1681105148.png,1,1,1,1,4/1/2023 0:00
COROLLA RUMION,corolla-rumion,1,6433a0fc31d3c1681105148.png,1,1,1,1,4/1/2023 0:00
COROLLA RUNX,corolla-runx,1,6433a0fc31d3c1681105148.png,1,1,1,1,4/1/2023 0:00
COROLLA SPACIO,corolla-spacio,1,6433a0fc31d3c1681105148.png,1,1,1,1,4/1/2023 0:00
COROLLA SPORT,corolla-sport,1,6433a0fc31d3c1681105148.png,1,1,1,1,4/1/2023 0:00
COROLLA TOURING,corolla-touring,1,6433a0fc31d3c1681105148.png,1,1,1,1,4/1/2023 0:00
COROLLA VAN,corolla-van,1,6433a0fc31d3c1681105148.png,1,1,1,1,4/1/2023 0:00
CORONA,corona,1,6433a0fc31d3c1681105148.png,1,1,1,1,4/1/2023 0:00
CORONA EXIV,corona-exiv,1,6433a0fc31d3c1681105148.png,1,1,1,1,4/1/2023 0:00
CORONA PREMIO,corona-premio,1,6433a0fc31d3c1681105148.png,1,1,1,1,4/1/2023 0:00
CORSA,corsa,1,6433a0fc31d3c1681105148.png,1,1,1,1,4/1/2023 0:00
CRESTA,cresta,1,6433a0fc31d3c1681105148.png,1,1,1,1,4/1/2023 0:00
CROWN,crown,1,6433a0fc31d3c1681105148.png,1,1,1,1,4/1/2023 0:00
CROWN COMFORT,crown-comfort,1,6433a0fc31d3c1681105148.png,1,1,1,1,4/1/2023 0:00
CROWN CROSSOVER,crown-crossover,1,6433a0fc31d3c1681105148.png,1,1,1,1,4/1/2023 0:00
CROWN ESTATE,crown-estate,1,6433a0fc31d3c1681105148.png,1,1,1,1,4/1/2023 0:00
CROWN HYBRID,crown-hybrid,1,6433a0fc31d3c1681105148.png,1,1,1,1,4/1/2023 0:00
CROWN MAJESTA,crown-majesta,1,6433a0fc31d3c1681105148.png,1,1,1,1,4/1/2023 0:00
CROWN STATIONWAGON,crown-stationwagon,1,6433a0fc31d3c1681105148.png,1,1,1,1,4/1/2023 0:00
CROWN VAN,crown-van,1,6433a0fc31d3c1681105148.png,1,1,1,1,4/1/2023 0:00
CURREN,curren,1,6433a0fc31d3c1681105148.png,1,1,1,1,4/1/2023 0:00
CYNOS,cynos,1,6433a0fc31d3c1681105148.png,1,1,1,1,4/1/2023 0:00
DUET,duet,1,6433a0fc31d3c1681105148.png,1,1,1,1,4/1/2023 0:00
DYNA,dyna,1,6433a0fc31d3c1681105148.png,1,1,1,1,4/1/2023 0:00
DYNA ROUTEVAN,dyna-routevan,1,6433a0fc31d3c1681105148.png,1,1,1,1,4/1/2023 0:00
ESQUIRE,esquire,1,6433a0fc31d3c1681105148.png,1,1,1,1,4/1/2023 0:00
ESTIMA,estima,1,6433a0fc31d3c1681105148.png,1,1,1,1,4/1/2023 0:00
ESTIMA EMINA,estima-emina,1,6433a0fc31d3c1681105148.png,1,1,1,1,4/1/2023 0:00
ESTIMA HYBRID,estima-hybrid,1,6433a0fc31d3c1681105148.png,1,1,1,1,4/1/2023 0:00
ESTIMA LUCIDA,estima-lucida,1,6433a0fc31d3c1681105148.png,1,1,1,1,4/1/2023 0:00
FJ CRUISER,fj-cruiser,1,6433a0fc31d3c1681105148.png,1,1,1,1,4/1/2023 0:00
FORTUNER,fortuner,1,6433a0fc31d3c1681105148.png,1,1,1,1,4/1/2023 0:00
FUNCARGO,funcargo,1,6433a0fc31d3c1681105148.png,1,1,1,1,4/1/2023 0:00
GAIA,gaia,1,6433a0fc31d3c1681105148.png,1,1,1,1,4/1/2023 0:00
GRANACE,granace,1,6433a0fc31d3c1681105148.png,1,1,1,1,4/1/2023 0:00
GRAND HIACE,grand-hiace,1,6433a0fc31d3c1681105148.png,1,1,1,1,4/1/2023 0:00
GRANVIA,granvia,1,6433a0fc31d3c1681105148.png,1,1,1,1,4/1/2023 0:00
HARRIER,harrier,1,6433a0fc31d3c1681105148.png,1,1,1,1,4/1/2023 0:00
HARRIER HYBRID,harrier-hybrid,1,6433a0fc31d3c1681105148.png,1,1,1,1,4/1/2023 0:00
HIACE COMMUTER,hiace-commuter,1,6433a0fc31d3c1681105148.png,1,1,1,1,4/1/2023 0:00
HIACE REGIUS,hiace-regius,1,6433a0fc31d3c1681105148.png,1,1,1,1,4/1/2023 0:00
HIACE TRUCK,hiace-truck,1,6433a0fc31d3c1681105148.png,1,1,1,1,4/1/2023 0:00
HIACE WAGON,hiace-wagon,1,6433a0fc31d3c1681105148.png,1,1,1,1,4/1/2023 0:00
HIGHLANDER,highlander,1,6433a0fc31d3c1681105148.png,1,1,1,1,4/1/2023 0:00
HILUX,hilux,1,6433a0fc31d3c1681105148.png,1,1,1,1,4/1/2023 0:00
HILUX REVO,hilux-revo,1,6433a0fc31d3c1681105148.png,1,1,1,1,4/1/2023 0:00
HILUX SURF,hilux-surf,1,6433a0fc31d3c1681105148.png,1,1,1,1,4/1/2023 0:00
HILUX VIGO,hilux-vigo,1,6433a0fc31d3c1681105148.png,1,1,1,1,4/1/2023 0:00
INNOVA,innova,1,6433a0fc31d3c1681105148.png,1,1,1,1,4/1/2023 0:00
IPSUM,ipsum,1,6433a0fc31d3c1681105148.png,1,1,1,1,4/1/2023 0:00
IQ,iq,1,6433a0fc31d3c1681105148.png,1,1,1,1,4/1/2023 0:00
ISIS,isis,1,6433a0fc31d3c1681105148.png,1,1,1,1,4/1/2023 0:00
IST,ist,1,6433a0fc31d3c1681105148.png,1,1,1,1,4/1/2023 0:00
KLUGER,kluger,1,6433a0fc31d3c1681105148.png,1,1,1,1,4/1/2023 0:00
KLUGER HYBRID,kluger-hybrid,1,6433a0fc31d3c1681105148.png,1,1,1,1,4/1/2023 0:00
LAND CRUISER,land-cruiser,1,6433a0fc31d3c1681105148.png,1,1,1,1,4/1/2023 0:00
LAND CRUISER 100,land-cruiser-100,1,6433a0fc31d3c1681105148.png,1,1,1,1,4/1/2023 0:00
LAND CRUISER 60,land-cruiser-60,1,6433a0fc31d3c1681105148.png,1,1,1,1,4/1/2023 0:00
LAND CRUISER 70,land-cruiser-70,1,6433a0fc31d3c1681105148.png,1,1,1,1,4/1/2023 0:00
LAND CRUISER 80,land-cruiser-80,1,6433a0fc31d3c1681105148.png,1,1,1,1,4/1/2023 0:00
LAND CRUISER PRADO,land-cruiser-prado,1,6433a0fc31d3c1681105148.png,1,1,1,1,4/1/2023 0:00
LITEACE,liteace,1,6433a0fc31d3c1681105148.png,1,1,1,1,4/1/2023 0:00
LITEACE NOAH,liteace-noah,1,6433a0fc31d3c1681105148.png,1,1,1,1,4/1/2023 0:00
LITEACE TRUCK,liteace-truck,1,6433a0fc31d3c1681105148.png,1,1,1,1,4/1/2023 0:00
LITEACE VAN,liteace-van,1,6433a0fc31d3c1681105148.png,1,1,1,1,4/1/2023 0:00
MARK II,mark-ii,1,6433a0fc31d3c1681105148.png,1,1,1,1,4/1/2023 0:00
MARK II BLIT,mark-ii-blit,1,6433a0fc31d3c1681105148.png,1,1,1,1,4/1/2023 0:00
MARK II QUALIS,mark-ii-qualis,1,6433a0fc31d3c1681105148.png,1,1,1,1,4/1/2023 0:00
MARK II VAN,mark-ii-van,1,6433a0fc31d3c1681105148.png,1,1,1,1,4/1/2023 0:00
MARK II WAGON,mark-ii-wagon,1,6433a0fc31d3c1681105148.png,1,1,1,1,4/1/2023 0:00
MARK X,mark-x,1,6433a0fc31d3c1681105148.png,1,1,1,1,4/1/2023 0:00
MARK X ZIO,mark-x-zio,1,6433a0fc31d3c1681105148.png,1,1,1,1,4/1/2023 0:00
MASTER ACE SURF,master-ace-surf,1,6433a0fc31d3c1681105148.png,1,1,1,1,4/1/2023 0:00
MIRAI,mirai,1,6433a0fc31d3c1681105148.png,1,1,1,1,4/1/2023 0:00
MR2,mr2,1,6433a0fc31d3c1681105148.png,1,1,1,1,4/1/2023 0:00
MRS,mrs,1,6433a0fc31d3c1681105148.png,1,1,1,1,4/1/2023 0:00
NADIA,nadia,1,6433a0fc31d3c1681105148.png,1,1,1,1,4/1/2023 0:00
NOAH,noah,1,6433a0fc31d3c1681105148.png,1,1,1,1,4/1/2023 0:00
OPA,opa,1,6433a0fc31d3c1681105148.png,1,1,1,1,4/1/2023 0:00
ORIGIN,origin,1,6433a0fc31d3c1681105148.png,1,1,1,1,4/1/2023 0:00
PASSO,passo,1,6433a0fc31d3c1681105148.png,1,1,1,1,4/1/2023 0:00
PASSO SETTE,passo-sette,1,6433a0fc31d3c1681105148.png,1,1,1,1,4/1/2023 0:00
PIXIS,pixis,1,6433a0fc31d3c1681105148.png,1,1,1,1,4/1/2023 0:00
PIXIS EPOCH,pixis-epoch,1,6433a0fc31d3c1681105148.png,1,1,1,1,4/1/2023 0:00
PIXIS JOY,pixis-joy,1,6433a0fc31d3c1681105148.png,1,1,1,1,4/1/2023 0:00
PIXIS MEGA,pixis-mega,1,6433a0fc31d3c1681105148.png,1,1,1,1,4/1/2023 0:00
PIXIS SPACE,pixis-space,1,6433a0fc31d3c1681105148.png,1,1,1,1,4/1/2023 0:00
PIXIS TRUCK,pixis-truck,1,6433a0fc31d3c1681105148.png,1,1,1,1,4/1/2023 0:00
PIXIS VAN,pixis-van,1,6433a0fc31d3c1681105148.png,1,1,1,1,4/1/2023 0:00
PLATZ,platz,1,6433a0fc31d3c1681105148.png,1,1,1,1,4/1/2023 0:00
PORTE,porte,1,6433a0fc31d3c1681105148.png,1,1,1,1,4/1/2023 0:00
PREMIO,premio,1,6433a0fc31d3c1681105148.png,1,1,1,1,4/1/2023 0:00
PREVIA,previa,1,6433a0fc31d3c1681105148.png,1,1,1,1,4/1/2023 0:00
PRIUS PHV,prius-phv,1,6433a0fc31d3c1681105148.png,1,1,1,1,4/1/2023 0:00
PROBOX WAGON,probox-wagon,1,6433a0fc31d3c1681105148.png,1,1,1,1,4/1/2023 0:00
PROGRES,progres,1,6433a0fc31d3c1681105148.png,1,1,1,1,4/1/2023 0:00
PRONARD,pronard,1,6433a0fc31d3c1681105148.png,1,1,1,1,4/1/2023 0:00
RAIZE,raize,1,6433a0fc31d3c1681105148.png,1,1,1,1,4/1/2023 0:00
RAUM,raum,1,6433a0fc31d3c1681105148.png,1,1,1,1,4/1/2023 0:00
RAV4,rav4,1,6433a0fc31d3c1681105148.png,1,1,1,1,4/1/2023 0:00
RAV4 PHV,rav4-phv,1,6433a0fc31d3c1681105148.png,1,1,1,1,4/1/2023 0:00
REGIUS,regius,1,6433a0fc31d3c1681105148.png,1,1,1,1,4/1/2023 0:00
REGIUSACE COMMUTER,regiusace-commuter,1,6433a0fc31d3c1681105148.png,1,1,1,1,4/1/2023 0:00
REGIUSACE VAN,regiusace-van,1,6433a0fc31d3c1681105148.png,1,1,1,1,4/1/2023 0:00
ROOMY,roomy,1,6433a0fc31d3c1681105148.png,1,1,1,1,4/1/2023 0:00
RUSH,rush,1,6433a0fc31d3c1681105148.png,1,1,1,1,4/1/2023 0:00
SAI,sai,1,6433a0fc31d3c1681105148.png,1,1,1,1,4/1/2023 0:00
SERA,sera,1,6433a0fc31d3c1681105148.png,1,1,1,1,4/1/2023 0:00
SIENTA,sienta,1,6433a0fc31d3c1681105148.png,1,1,1,1,4/1/2023 0:00
SOARER,soarer,1,6433a0fc31d3c1681105148.png,1,1,1,1,4/1/2023 0:00
SPADE,spade,1,6433a0fc31d3c1681105148.png,1,1,1,1,4/1/2023 0:00
SPARKY,sparky,1,6433a0fc31d3c1681105148.png,1,1,1,1,4/1/2023 0:00
SPRINTER,sprinter,1,6433a0fc31d3c1681105148.png,1,1,1,1,4/1/2023 0:00
SPRINTER CARIB,sprinter-carib,1,6433a0fc31d3c1681105148.png,1,1,1,1,4/1/2023 0:00
SPRINTER MARINO,sprinter-marino,1,6433a0fc31d3c1681105148.png,1,1,1,1,4/1/2023 0:00
SPRINTER TRUENO,sprinter-trueno,1,6433a0fc31d3c1681105148.png,1,1,1,1,4/1/2023 0:00
STARLET,starlet,1,6433a0fc31d3c1681105148.png,1,1,1,1,4/1/2023 0:00
SUCCEED VAN,succeed-van,1,6433a0fc31d3c1681105148.png,1,1,1,1,4/1/2023 0:00
SUCCEED VAN HYBRID,succeed-van-hybrid,1,6433a0fc31d3c1681105148.png,1,1,1,1,4/1/2023 0:00
SUCCEED WAGON,succeed-wagon,1,6433a0fc31d3c1681105148.png,1,1,1,1,4/1/2023 0:00
SUPRA,supra,1,6433a0fc31d3c1681105148.png,1,1,1,1,4/1/2023 0:00
TACOMA,tacoma,1,6433a0fc31d3c1681105148.png,1,1,1,1,4/1/2023 0:00
TANK,tank,1,6433a0fc31d3c1681105148.png,1,1,1,1,4/1/2023 0:00
TERCEL,tercel,1,6433a0fc31d3c1681105148.png,1,1,1,1,4/1/2023 0:00
TOURING HIACE,touring-hiace,1,6433a0fc31d3c1681105148.png,1,1,1,1,4/1/2023 0:00
TOWNACE,townace,1,6433a0fc31d3c1681105148.png,1,1,1,1,4/1/2023 0:00
TOWNACE NOAH,townace-noah,1,6433a0fc31d3c1681105148.png,1,1,1,1,4/1/2023 0:00
TOWNACE NOAH VAN,townace-noah-van,1,6433a0fc31d3c1681105148.png,1,1,1,1,4/1/2023 0:00
TOWNACE TRUCK,townace-truck,1,6433a0fc31d3c1681105148.png,1,1,1,1,4/1/2023 0:00
TOWNACE VAN,townace-van,1,6433a0fc31d3c1681105148.png,1,1,1,1,4/1/2023 0:00
TOWNACE WAGON,townace-wagon,1,6433a0fc31d3c1681105148.png,1,1,1,1,4/1/2023 0:00
TOYOACE,toyoace,1,6433a0fc31d3c1681105148.png,1,1,1,1,4/1/2023 0:00
TOYOACE TRUCK,toyoace-truck,1,6433a0fc31d3c1681105148.png,1,1,1,1,4/1/2023 0:00
TOYOACE URBANSUPPORTER,toyoace-urbansupporter,1,6433a0fc31d3c1681105148.png,1,1,1,1,4/1/2023 0:00
TOYOTA,toyota,1,6433a0fc31d3c1681105148.png,1,1,1,1,4/1/2023 0:00
TUNDRA,tundra,1,6433a0fc31d3c1681105148.png,1,1,1,1,4/1/2023 0:00
VANGUARD,vanguard,1,6433a0fc31d3c1681105148.png,1,1,1,1,4/1/2023 0:00
VELLFIRE,vellfire,1,6433a0fc31d3c1681105148.png,1,1,1,1,4/1/2023 0:00
VELLFIRE HYBRID,vellfire-hybrid,1,6433a0fc31d3c1681105148.png,1,1,1,1,4/1/2023 0:00
VEROSSA,verossa,1,6433a0fc31d3c1681105148.png,1,1,1,1,4/1/2023 0:00
VERSO,verso,1,6433a0fc31d3c1681105148.png,1,1,1,1,4/1/2023 0:00
VIOS,vios,1,6433a0fc31d3c1681105148.png,1,1,1,1,4/1/2023 0:00
VISTA,vista,1,6433a0fc31d3c1681105148.png,1,1,1,1,4/1/2023 0:00
VISTA ARDEO,vista-ardeo,1,6433a0fc31d3c1681105148.png,1,1,1,1,4/1/2023 0:00
VOLTZ,voltz,1,6433a0fc31d3c1681105148.png,1,1,1,1,4/1/2023 0:00
VOXY,voxy,1,6433a0fc31d3c1681105148.png,1,1,1,1,4/1/2023 0:00
WILL CYPHA,will-cypha,1,6433a0fc31d3c1681105148.png,1,1,1,1,4/1/2023 0:00
WILL VI,will-vi,1,6433a0fc31d3c1681105148.png,1,1,1,1,4/1/2023 0:00
WILL VS,will-vs,1,6433a0fc31d3c1681105148.png,1,1,1,1,4/1/2023 0:00
WINDOM,windom,1,6433a0fc31d3c1681105148.png,1,1,1,1,4/1/2023 0:00
WISH,wish,1,6433a0fc31d3c1681105148.png,1,1,1,1,4/1/2023 0:00
YARIS,yaris,1,6433a0fc31d3c1681105148.png,1,1,1,1,4/1/2023 0:00
YARIS CROSS,yaris-cross,1,6433a0fc31d3c1681105148.png,1,1,1,1,4/1/2023 0:00
YARIS VERSO,yaris-verso,1,6433a0fc31d3c1681105148.png,1,1,1,1,4/1/2023 0:00
